biography,followers_count,following_count,location,websiteFollow,California,0,WhatsApp,@WhatsApp
Customs Broker,29,0,"Florida, USA",Joined December 2017
A & A Freight | Warehousing | Customs Brokerage | Helping people ship across borders.,Following,0,Worldwide,aacb.com
A commercial glass and glazing company serving the window industry in New England since 1954. ,Following,0,"Malden, MA",aawindowproducts.com
"A&B Kia is a Kia dealer in Benwood, WV. Stay connected to exceed expectations. Build strong relationships. Drive the best with us.",Following,0,"Benwood, West Virginia ",aandbautosales.com
"Industry leader in wholesale home decor, furniture, and garden, since 1993.",Following,0,"Rancho Cucamonga, CA",abhomeinc.com
"From large format black & white prints to the most sophisticated of digital color printing jobs, A & B can get the job done right.",Following,0,"Bentonville, AR",abrepro.com
Millie Bobby Brown is engaged!,@PopBase,0,"4,336",50.3K
"A & C CHRISTOFI LTD is a fast growing professional services company based in Limassol, Cyprus. Our main Concern is your Business.",Following,0,Cyprus,acccyp.com
Used Clothing Distributor,Following,0,Carteret,aeclothing.net
"Millie Bobby Brown announces her engagement via Instagram with a lyric from Taylor Swift's ‘Lover.’ 

“I've loved you three summers now, honey, I want 'em all ",Pop Base,0,469,"2,348"
"Boulder, CO USA",38,0,ae-technologies.com,Joined February 2012
"Create, manage and grow your business online with Wix. It’s more than just a website builder, it’s how your vision comes to life. For support: ","3,716",0,We're everywhere!,We're everywhere!
"A & G Insurance prides itself on being your local, full service, Independent Insurance Agency.",Following,0,Connecticut,aginsuranceinc.com
